sector,epoch,predicted_bjd,measured_bjd,oc_seconds,timing_error_seconds,n_points,beta,reduced_chi_square,delta_bic,supported
20,1132,2458843.005500932,2458843.004760093,-64.00848795859402,90.21106169391668,318,1.0,0.20825340910424567,698.8697562542615,True
20,1133,2458844.096919833,2458844.096657926,-22.628762867543678,94.60820570587902,322,1.0268140639093526,0.23611910500953512,707.7791375044106,True
20,1134,2458845.188338734,2458845.187921756,-36.026924710341106,103.20718011016943,323,1.1424286611573518,0.22294763601538384,681.1406866914098,True
20,1135,2458846.279757635,2458846.2796761,-7.044675683223042,90.25199945358266,324,1.0,0.22423461544277826,708.3958648702126,True
20,1136,2458847.371176536,2458847.370874055,-26.134367675046786,97.85984219930687,324,1.0834059230007727,0.23926608352849688,696.1466927530132,True
20,1137,2458848.462595437,2458848.4623913527,-17.632898272774323,109.36708619306208,322,1.180808318414511,0.26267266061703026,741.4860247790559,True
20,1138,2458849.554014338,2458849.5531122666,-77.93900536604201,109.70948214153576,325,1.215617230542059,0.2406280990737715,651.735712075478,True
20,1139,2458850.645433239,2458850.644965912,-40.3770548558448,90.27150347662638,321,1.0,0.235387857801538,688.0278466716659,True
20,1140,2458851.73685214,2458851.735882858,-83.7460019290405,93.6942087813408,324,1.0384926608099616,0.24660245364606695,710.5908325793073,True
20,1141,2458852.828271041,2458852.8281431133,-11.052963016865625,97.18987499897251,324,1.077747876120238,0.2068201073007507,700.1999392200918,True
20,1142,2458853.919689942,2458853.9193339897,-30.75429991905629,98.01561002274293,320,1.0636452209262952,0.23055458628859152,763.4494498782929,True
20,1146,2458858.285365546,2458858.284829702,-46.29690792712906,125.84810272148977,323,1.384932421843797,0.2783824345591989,658.5912321085783,True
20,1147,2458859.376784447,2458859.377248293,40.07627650694969,93.07532793635481,321,1.0,0.214851306009674,691.6596499330232,True
20,1148,2458860.468203348,2458860.4683784503,15.12880984012236,90.0692790984398,322,1.0,0.2245938259583991,734.9495369371724,True
20,1149,2458861.559622249,2458861.558072674,-133.88328445519912,90.14957813250734,324,1.0,0.24125456485030922,735.6325644378437,True
20,1150,2458862.65104115,2458862.6504113777,-54.41235068642826,92.90644691896556,319,1.0,0.2363160044413096,681.2463760498467,True
20,1151,2458863.742460051,2458863.7418173845,-55.52637698502145,120.64026036522456,324,1.3411095888118023,0.2519802415100625,670.2276374698881,True
20,1152,2458864.833878952,2458864.833975268,8.321710994120403,134.58196600861802,318,1.492980999812001,0.18989594306875207,680.0656579166836,True
20,1153,2458865.925297853,2458865.924351949,-81.72614245086211,90.11917752293091,324,1.0,0.21704605405710506,746.7868543344031,True
20,1154,2458867.016716754,2458867.016116678,-51.84659474802264,90.13084386120644,324,1.0005038338583059,0.24560005065616508,722.7071544938711,True
20,1155,2458868.108135655,2458868.1075605676,-49.6875618163755,90.09495379006006,315,1.0,0.21979133098543813,690.9854491757634,True
43,1711,2459474.937044611,2459474.934590288,-212.05353426955136,46.13962816445061,325,1.0,1.0676911619703782,2972.6690079388895,True
43,1712,2459476.028463512,2459476.0269965064,-126.74929091907099,69.28599315210899,324,1.5570772764156793,0.8820263427638185,2781.4579593016247,True
43,1713,2459477.119882413,2459477.118260807,-140.10678720237377,44.358401328821266,324,1.0,0.7930008506880182,2981.3489749775954,True
43,1714,2459478.211301314,2459478.20907521,-192.33536810922993,47.82522287665845,317,1.081550702929466,0.799800075875037,2781.5190967363887,True
43,1715,2459479.302720215,2459479.3008874296,-158.35266603712273,56.66578562988416,324,1.2842685263005298,0.7843484856850683,2992.712668365836,True
43,1716,2459480.394139116,2459480.39271531,-123.01682978884483,44.589499099776276,324,1.0121117349054765,0.9101945950772378,2875.8125731801633,True
43,1717,2459481.485558017,2459481.483662532,-163.76990323598824,44.07099269944786,324,1.0,0.8652734671312176,2892.410484223541,True
43,1718,2459482.576976918,2459482.57479613,-188.42011987833845,51.75453915313158,324,1.1532183259568867,1.0396978007182787,3063.144087047331,True
43,1719,2459483.668395819,2459483.667001681,-120.45355564026433,50.36576005210474,324,1.1393442460034469,0.908472512622768,2971.4587230717166,True
43,1720,2459484.75981472,2459484.7581614475,-142.84274134714772,45.66486340406131,261,1.023379536396483,0.8658301558913476,2576.698757755501,True
43,1723,2459488.034071423,2459488.0333181317,-65.08436686195168,46.677028171109804,324,1.0789200628230842,1.0009358186270525,3101.2455069185435,True
43,1724,2459489.125490324,2459489.123088482,-207.5191662570669,48.501415922187135,324,1.1234995424098295,0.8591093411904688,3095.2038983748153,True
43,1725,2459490.216909225,2459490.2151560867,-151.4711730210261,55.410785517597276,324,1.2865089753751633,0.9013080376671861,2964.0353051809698,True
43,1726,2459491.308328126,2459491.3063847795,-167.90513509181193,43.25841260353494,324,1.0,1.0125862438366193,3129.7366310091443,True
43,1727,2459492.399747027,2459492.3983345134,-122.04119932625368,42.93083527380581,324,1.0,0.9438705665655955,3268.793098340779,True
43,1728,2459493.491165928,2459493.4891801816,-171.56847481062306,48.80294503633866,324,1.1389632414703375,0.919834190437545,3353.442123256554,True
43,1729,2459494.582584829,2459494.581073445,-130.58359252660063,61.554495359726644,324,1.4362620777770143,1.0018946045679231,2928.8360155094783,True
43,1730,2459495.67400373,2459495.6725241803,-127.8331212886277,42.78052351939874,324,1.0,0.9926311189758034,3149.238373221823,True
43,1731,2459496.765422631,2459496.7640129016,-121.80064089947763,52.079868578980566,324,1.220385045981813,0.9204200171331639,3097.709190572806,True
43,1732,2459497.856841532,2459497.855276678,-135.203364589835,49.420418270814906,324,1.158813233780962,0.857316763806148,3019.016602768665,True
44,1735,2459501.131098235,2459501.129529425,-135.5451934927144,54.167579421354425,323,1.2394649169635188,0.9983602764924957,2854.016235747844,True
44,1736,2459502.222517136,2459502.2209237777,-137.66616564682795,47.57949925011915,324,1.0901270016092033,0.8971846856094731,3100.3726544896667,True
44,1737,2459503.313936037,2459503.3127181013,-105.22966246490314,48.58619281360155,324,1.0748306186914294,1.0749648146463298,3093.841622592756,True
44,1738,2459504.405354938,2459504.4032033184,-185.8999233823117,43.55901505939823,324,1.0,0.9027296968574839,3046.8659665025953,True
44,1739,2459505.496773839,2459505.4946184345,-186.22693847120314,45.93784979611604,324,1.0,1.1143327281628412,2964.5738994609087,True
44,1740,2459506.58819274,2459506.5861043297,-180.43864557819902,44.24821982670903,323,1.0166096963916589,0.9952125248989306,3061.404275928655,True
44,1741,2459507.679611641,2459507.6779553574,-143.1029239114063,44.75979440582538,324,1.0291678528445278,0.9181662069680304,2971.3906893775556,True
44,1742,2459508.771030542,2459508.7699504476,-93.32016949232609,48.02930239030018,324,1.1066553047164616,0.9719821937323858,3025.7143437285763,True
44,1743,2459509.862449443,2459509.860541363,-164.8581443660427,43.38544182180095,324,1.0,0.919868590608674,3109.319286061201,True
44,1744,2459510.953868344,2459510.951972039,-163.84077079493687,52.28302959234598,324,1.1453114000203892,1.1040115827406525,3065.444263668244,True
44,1747,2459514.228125047,2459514.225949455,-187.97112742786837,44.198481800070354,324,1.0127934840353885,0.8546618504821827,3110.9867924960063,True
44,1748,2459515.319543948,2459515.317360299,-188.66727216445958,45.189505431948305,324,1.045835860789215,0.9522734225534313,3079.7491674759976,True
44,1749,2459516.410962849,2459516.408861595,-181.54833006095308,43.19527799046405,324,1.0,0.9357524966546588,3100.5459594551635,True
44,1750,2459517.50238175,2459517.500806555,-136.09681887241814,44.54785220259263,324,1.002095019031787,1.0596613819888039,3158.1108978059974,True
44,1751,2459518.593800651,2459518.5923914122,-121.75820438899338,43.14917398253517,324,1.0,0.9489523973360635,3270.2051077159235,True
44,1752,2459519.685219552,2459519.682270347,-254.81127216121246,57.21705791873824,324,1.2533594295304005,1.1224376350666356,2902.8977007966737,True
44,1753,2459520.776638453,2459520.7750335336,-138.66503617680127,43.40028059331885,315,1.0016827527505534,0.8395205741432517,2890.8998510182246,True
44,1754,2459521.868057354,2459521.8662122604,-159.41609127886625,43.08437472362469,323,1.0,0.9092433198967438,3151.86770078516,True
44,1755,2459522.959476255,2459522.957275736,-190.12482388106625,45.23912251486538,324,1.0399373593963779,1.0205587263302578,3232.8314706189885,True
44,1756,2459524.050895156,2459524.049354048,-133.15173877076256,47.315614437347584,324,1.0998744243491572,0.9242077884304805,3146.7555847449794,True
45,1758,2459526.233732958,2459526.232122914,-139.10780838691375,69.8267823653459,271,1.4212927433887124,1.1000793651589864,2163.568438509319,True
45,1759,2459527.325151859,2459527.3233870426,-152.48014135928187,49.51645554240207,323,1.1515407205641335,0.9346079100202511,3125.9066957544183,True
45,1760,2459528.4165707603,2459528.414978722,-137.552119490165,42.882753255496496,324,1.0,0.8853524341214638,3212.1078745396717,True
45,1761,2459529.5079896613,2459529.5064273146,-134.98675071788364,44.68322757555789,324,1.0252792512827404,1.03255384173389,3086.826162378428,True
45,1762,2459530.5994085623,2459530.5983482455,-91.6113869561569,44.89429137691064,324,1.0386190433011282,1.0132443360023082,3067.5762742513734,True
45,1763,2459531.6908274633,2459531.6896222867,-104.12724737054454,43.16359427192242,318,1.0,1.0104482329093354,2952.29205486718,True
45,1764,2459532.7822463643,2459532.7804760523,-152.9549626089268,43.93135690714817,324,1.0251874522800062,0.7633753433311812,3284.866024829499,True
45,1765,2459533.8736652653,2459533.871810231,-160.27495869934424,42.8945274196123,324,1.0,0.9134236713549126,3144.7163218677024,True
45,1766,2459534.9650841663,2459534.9646021617,-41.64518628736136,42.92630032641178,324,1.0,0.8835732840414037,2929.5997172684993,True
45,1767,2459536.0565030673,2459536.054797438,-147.3663735904578,53.29461542531235,324,1.1676041830506747,1.131565213820215,3226.2076770887834,True
45,1768,2459537.1479219683,2459537.1469481634,-84.13673535994283,44.11979802685449,324,1.0,1.0551604738719766,3237.5903896089944,True
45,1771,2459540.422178671,2459540.420270355,-164.8785334051278,60.65418651182814,323,1.353576251741815,1.0727785414987465,3247.1321073695067,True
45,1772,2459541.513597572,2459541.511523982,-179.15819214470477,42.91532622843847,324,1.0,0.8875396823531077,3299.4511064496055,True
45,1773,2459542.605016473,2459542.6042795237,-63.67244190168341,44.6648000014756,324,1.0408896596230888,0.9582503540888222,3263.349390842917,True
45,1774,2459543.696435374,2459543.69495534,-127.87495247294363,49.71620384986642,324,1.1597172278245675,0.9119942159536949,3467.840811054937,True
45,1775,2459544.787854275,2459544.785338821,-217.33523833272818,42.877204376977225,317,1.0,0.9329930397833092,2775.1417774134775,True
45,1776,2459545.879273176,2459545.877068883,-190.45094934467696,45.50653635590844,325,1.0610320007323486,0.8716657121880904,3139.3855281371543,True
45,1777,2459546.970692077,2459546.9684477267,-193.91187955507596,49.53179431587268,324,1.1536012209190505,0.9736619802968994,3343.570493107877,True
45,1778,2459548.062110978,2459548.06075595,-117.0744411465029,60.41180915013713,324,1.4004568551186407,1.009078683189445,3138.3847941091285,True
45,1779,2459549.153529879,2459549.1518449634,-145.57672500213627,44.81141509042478,324,1.0425299124170695,0.9429282609427433,3136.1791910768115,True
45,1780,2459550.24494878,2459550.2438487294,-95.04439908525742,43.53138181564064,324,1.0126539053537613,0.9789038281638858,3034.5608126785864,True
71,2408,2460235.6560186082,2460235.6526419013,-291.7474782706894,47.509010590790524,324,1.0479266483089142,0.7712230078972417,2881.1601608991314,True
71,2409,2460236.7474375092,2460236.744382796,-263.9272277462725,43.68923968630845,324,1.0,1.0310853844130052,2930.308394486988,True
71,2410,2460237.8388564102,2460237.836413427,-211.0737763213478,49.95616311455692,324,1.1624599220826501,0.877467556505139,3143.8534378346776,True
71,2411,2460238.930275311,2460238.926671442,-311.3742815500591,43.54128212344833,325,1.014605849231735,0.8602410151790933,2995.5828896480866,True
71,2412,2460240.021694212,2460240.01833934,-289.8609422220745,43.888540844482506,324,1.0237125706035621,0.8933504782777069,3303.667821131434,True
71,2413,2460241.113113113,2460241.1097660684,-289.1846770874795,42.9144661860352,324,1.0,0.959692506763541,3223.181992902472,True
71,2414,2460242.204532014,2460242.2010319545,-302.4051440624703,43.14992223135332,324,1.0,1.0144104714998534,3011.0964643075845,True
71,2415,2460243.295950915,2460243.2925533038,-293.5536434527524,42.785252239100885,325,1.0,0.8631721946112316,3140.7748482272996,True
71,2416,2460244.387369816,2460244.383890824,-300.58491755575625,52.486145870110946,324,1.2183099085320592,1.013939926906147,3179.9706372545343,True
71,2417,2460245.478788717,2460245.475584917,-276.8083460293094,53.355910292768634,324,1.2463742617475875,0.9643456661755428,3156.997375314513,True
71,2421,2460249.844464321,2460249.842205358,-195.1744116498239,42.89997402646419,324,1.0,0.8853699867062003,3113.112493974941,True
71,2422,2460250.935883222,2460250.932042633,-331.82688990854757,45.601383957448576,324,1.0702936706556787,0.8952176602922722,3214.517670315675,True
71,2423,2460252.027302123,2460252.0238659927,-296.881660622517,42.56463368485211,324,1.0,0.8478742686615443,3229.5667735904226,True
71,2424,2460253.118721024,2460253.1162960166,-209.5206553795228,67.52080808809174,293,1.3530008041917763,1.077853725379487,2178.556077485428,True
71,2425,2460254.210139925,2460254.2063520886,-327.2690591583391,45.33792041149064,324,1.0640241966100856,0.9246278930065279,3339.484910006988,True
71,2426,2460255.301558826,2460255.297477084,-352.6624950803527,42.52463935510429,324,1.0,0.8567783261756575,3125.493066833279,True
71,2427,2460256.392977727,2460256.390462078,-217.35206937311412,42.52599910871561,324,1.0,0.8118143810363382,3231.5849863512694,True
71,2428,2460257.484396628,2460257.4815352308,-247.22472947916236,55.892753638446266,324,1.3142185208812691,1.0001167051893232,3078.9682614743106,True
71,2429,2460258.575815529,2460258.572519293,-284.79479980478294,47.41365973991133,324,1.1156319578199247,0.8556116859357616,3046.516144515977,True
72,2433,2460262.941491133,2460262.9375670995,-339.036485862996,66.63732691519347,324,1.5003750119592292,1.0446887794734063,2933.103348459061,True
72,2434,2460264.032910034,2460264.0294994926,-294.6707943448267,47.83325159046349,324,1.1291644429093322,0.8410246175426741,3185.366468072718,True
72,2435,2460265.124328935,2460265.121614918,-234.49106497004138,44.14559967478994,324,1.0537307057300538,0.9285896117179543,3250.957770329776,True
72,2436,2460266.215747836,2460266.2113158037,-382.9275883810195,47.582188876558554,260,1.096204830711688,1.0649490322296158,2864.1317140693045,True
72,2437,2460267.307166737,2460267.303738494,-296.2002021967473,41.75050820064543,324,1.0,0.8577457924504626,3350.0303445364143,True
72,2438,2460268.398585638,2460268.395506678,-266.022145467335,41.7598186777072,324,1.0,0.860311381795792,3360.935601389412,True
72,2439,2460269.490004539,2460269.486563148,-297.33619077420065,55.66924285492486,324,1.3314540183724668,0.9102074659903143,3248.3239737656727,True
72,2440,2460270.58142344,2460270.57730794,-355.5791985948997,41.80369553633473,324,1.0,0.9459240816549056,3316.735136511199,True
72,2441,2460271.672842341,2460271.6681134086,-408.5797478764836,43.572411704608704,324,1.0,1.088170957322664,3456.4635267369954,True
72,2442,2460272.764261242,2460272.76051467,-323.70380544864344,42.47834808828521,239,1.0038239441914032,0.9356311015083615,2209.7465415432475,True
72,2445,2460276.038517945,2460276.0353422416,-274.38078618598627,44.931211276920315,325,1.0,1.0329482703391184,2961.4049494203405,True
72,2446,2460277.129936846,2460277.1268867524,-263.52808280538335,42.70489968254762,324,1.0,0.9219610863468563,3247.53532809596,True
72,2447,2460278.221355747,2460278.218612755,-236.99447324763133,47.010447237399354,324,1.1164656294420228,0.918158907746091,3155.611968007678,True
72,2449,2460280.404193549,2460280.4003572976,-331.4521208619298,41.89899573476741,323,1.0,0.9019602274391932,3272.3997875071946,True
72,2450,2460281.49561245,2460281.49283562,-239.9181172098956,41.90715742051224,324,1.0,0.8496483489456741,3510.9509430598982,True
72,2451,2460282.587031351,2460282.584219071,-242.98099869824156,42.57652441107834,324,1.0165556282180797,0.9784016060682809,3247.8681193567472,True
72,2452,2460283.678450252,2460283.674127765,-373.4628721962164,42.633990077648086,324,1.0173039602929084,0.9394333792802937,3447.5591447774696,True
72,2453,2460284.769869153,2460284.7654714193,-379.96420100403793,47.284707365452334,324,1.126152756734887,0.9568611980058843,3432.9488669429356,True
