excluded_source,excluded_rows,retained_rows,period_dot_ms_per_year,formal_error_ms_per_year,scatter_scaled_error_ms_per_year,delta_bic_linear_minus_quadratic
B19,90,289,-30.346305640036405,0.7942570640618402,1.101503555058203,1454.1170099954893
B22,5,374,-31.331839097661902,0.7631336274976261,1.0958051978536016,1679.7393367204345
C17,24,355,-31.523982021604215,0.7848937162227961,1.1342446473615013,1607.224796872848
ETD,28,351,-30.775185211103896,0.76923011914027,0.9916358101575607,1594.766515559006
K15,6,373,-31.202172363974583,0.7660932843391551,1.102100185936323,1652.9260291192677
M13,27,352,-31.930334570319143,0.7925645193811417,1.1523027492017313,1617.2074828037603
M16,28,351,-31.3578120835915,0.7988629390252021,1.1689370820911609,1534.9427612199818
M18,19,360,-31.124139710893107,0.8085096655994345,1.1719859543843942,1476.0346129312063
P17,7,372,-31.52920711095967,0.7706696215012993,1.1045716947793265,1667.826710956687
P20,6,373,-31.419293052293767,0.7682356837975832,1.098802337216234,1666.7212062942203
T21,32,347,-31.290360649617128,0.7605398434501279,1.1118836384491437,1686.840289513082
TASTE,30,349,-31.89876059770139,0.8850528101953682,1.2129656075397561,1293.14571332908
W22,55,324,-31.389518864245836,0.8474031534836866,1.2639475086873748,1366.3279672227413
YE19,10,369,-31.20869627863728,0.7682224439765566,1.1087395959925763,1644.4469239148684
